0,Giovanny Sanford
1,Geovanni Pfannerstill
2,Isadore Moen
3,Pink Veum
4,Eda Davis
5,Lolita Heathcote
6,Everardo Bruen
7,Erich Satterfield
8,Elbert Crist
9,Polly Johns
10,Sincere Kautzer
11,Ludwig Kirlin
12,Jerrod Gaylord
13,Barney Steuber
14,Holly Rempel
15,Gay Feeney
16,Joannie Harris
17,Arlo Becker
18,Margarita Kub
19,Adah Bechtelar
20,Carrie Cummerata
21,Macy Cummings
22,Jessyca Hermiston
23,Jacey Legros
24,Norene Lang
25,Gretchen Wilkinson
26,Queen Hoeger
27,Daisha Osinski
28,Joany Kohler
29,Mallory Kunze
30,Erna Abernathy
31,Duane Zemlak
32,Chester Bosco
33,Delfina Skiles
34,Jordane Kreiger
35,Jaquan Davis
36,Alejandra Bayer
37,Enos Mante
38,Queenie Veum
39,Melba Morissette
40,Lola White
41,Victoria Price
42,Ruben Gerlach
43,Madison Powlowski
44,Morris Lubowitz
45,Monica Mertz
46,Amber Lesch
47,Elissa Effertz
48,Aron Boyer
49,Dewayne Wyman
50,Favian Goodwin
51,Hoyt Prohaska
52,Tillman Bergnaum
53,Elian Beatty
54,Raphael Bruen
55,Franco Schaden
56,Elza Johnston
57,Jenifer Yundt
58,Krista Hauck
59,Geovanny Leannon
60,Cecilia Reichert
61,Friedrich Bins
62,Jasper Metz
63,Burnice Grady
64,Orie Torphy
65,Imogene Mohr
66,Zetta O'Hara
67,Opal Dicki
68,Mara Kuhlman
69,Amira Beer
70,Laverna Rosenbaum
71,Ida Emard
72,Jakayla Hahn
73,Deshawn Zboncak
74,Norberto Waelchi
75,Kris Kris
76,Nathanial Stoltenberg
77,Albertha Barton
78,Thea Jacobson
79,Trey Balistreri
80,Markus Borer
81,Kyleigh Thiel
82,Jay Jerde
83,Mallie Shields
84,Jammie Purdy
85,Royal Stanton
86,Darius Koelpin
87,Kraig Maggio
88,Ressie Fadel
89,Jarrett Greenholt
90,Rusty Hintz
91,Rasheed Bogan
92,Susie Maggio
93,Nathanael Prohaska
94,Vernice Trantow
95,Austin Hand
96,Bethel Wyman
97,Cortez Collins
98,Meta Strosin
99,Prince Powlowski
